{
  "title": "ritim",
  "description": "ritim",
  "blocks": [
    {
      "template": "question",
      "questions": [
        {
          "title": "1-1",
          "color": "kolay",
          "notes": [

          ],
          "melodynote": "[\n        {\n          \"name\": \"G#3\",\n          \"midi\": 56,\n          \"time\": 0,\n          \"velocity\": 0.9921259842519685,\n          \"duration\": 0.21428550000000002\n        },\n        {\n          \"name\": \"G#3\",\n          \"midi\": 56,\n          \"time\": 0.21428550000000002,\n          \"velocity\": 0.9921259842519685,\n          \"duration\": 0.21428550000000002\n        },\n        {\n          \"name\": \"G#3\",\n          \"midi\": 56,\n          \"time\": 0.42857100000000004,\n          \"velocity\": 0.9921259842519685,\n          \"duration\": 0.42857100000000004\n        },\n        {\n          \"name\": \"G#3\",\n          \"midi\": 56,\n          \"time\": 0.8571420000000001,\n          \"velocity\": 0.9921259842519685,\n          \"duration\": 0.42857100000000004\n        },\n        {\n          \"name\": \"G#3\",\n          \"midi\": 56,\n          \"time\": 1.285713,\n          \"velocity\": 0.9921259842519685,\n          \"duration\": 0.21428550000000013\n        },\n        {\n          \"name\": \"G#3\",\n          \"midi\": 56,\n          \"time\": 1.4999985000000002,\n          \"velocity\": 0.9921259842519685,\n          \"duration\": 0.2142854999999999\n        },\n        {\n          \"name\": \"G#3\",\n          \"midi\": 56,\n          \"time\": 2.142855,\n          \"velocity\": 0.9921259842519685,\n          \"duration\": 0.2142854999999999\n        },\n        {\n          \"name\": \"G#3\",\n          \"midi\": 56,\n          \"time\": 2.3571405,\n          \"velocity\": 0.9921259842519685,\n          \"duration\": 0.2142854999999999\n        },\n        {\n          \"name\": \"G#3\",\n          \"midi\": 56,\n          \"time\": 2.5714259999999998,\n          \"velocity\": 0.9921259842519685,\n          \"duration\": 0.8571420000000001\n        }\n      ]"
        },
        {
          "title": "Soru Adı",
          "color": "kolay",
          "notes": [

          ],
          "melodynote": ""
        },
        {
          "title": "Soru Adı",
          "color": "kolay",
          "notes": [

          ],
          "melodynote": ""
        },
        {
          "title": "Soru Adı",
          "color": "kolay",
          "notes": [

          ],
          "melodynote": ""
        },
        {
          "title": "Soru Adı",
          "color": "kolay",
          "notes": [

          ],
          "melodynote": ""
        },
        {
          "title": "Soru Adı",
          "color": "kolay",
          "notes": [

          ],
          "melodynote": ""
        },
        {
          "title": "Soru Adı",
          "color": "kolay",
          "notes": [

          ],
          "melodynote": ""
        },
        {
          "title": "Soru Adı",
          "color": "kolay",
          "notes": [

          ],
          "melodynote": ""
        },
        {
          "title": "Soru Adı",
          "color": "kolay",
          "notes": [

          ],
          "melodynote": ""
        },
        {
          "title": "Soru Adı",
          "color": "kolay",
          "notes": [

          ],
          "melodynote": ""
        },
        {
          "title": "Soru Adı",
          "color": "kolay",
          "notes": [

          ],
          "melodynote": ""
        },
        {
          "title": "Soru Adı",
          "color": "kolay",
          "notes": [

          ],
          "melodynote": ""
        },
        {
          "title": "Soru Adı",
          "color": "kolay",
          "notes": [

          ],
          "melodynote": ""
        },
        {
          "title": "Soru Adı",
          "color": "kolay",
          "notes": [

          ],
          "melodynote": ""
        },
        {
          "title": "Soru Adı",
          "color": "kolay",
          "notes": [

          ],
          "melodynote": ""
        },
        {
          "title": "Soru Adı",
          "color": "kolay",
          "notes": [

          ],
          "melodynote": ""
        },
        {
          "title": "Soru Adı",
          "color": "kolay",
          "notes": [

          ],
          "melodynote": ""
        },
        {
          "title": "Soru Adı",
          "color": "kolay",
          "notes": [

          ],
          "melodynote": ""
        },
        {
          "title": "Soru Adı",
          "color": "kolay",
          "notes": [

          ],
          "melodynote": ""
        },
        {
          "title": "Soru Adı",
          "color": "kolay",
          "notes": [

          ],
          "melodynote": ""
        },
        {
          "title": "Soru Adı",
          "color": "kolay",
          "notes": [

          ],
          "melodynote": ""
        },
        {
          "title": "Soru Adı",
          "color": "kolay",
          "notes": [

          ],
          "melodynote": ""
        },
        {
          "title": "Soru Adı",
          "color": "kolay",
          "notes": [

          ],
          "melodynote": ""
        },
        {
          "title": "Soru Adı",
          "color": "kolay",
          "notes": [

          ],
          "melodynote": ""
        },
        {
          "title": "Soru Adı",
          "color": "kolay",
          "notes": [

          ],
          "melodynote": ""
        },
        {
          "title": "Soru Adı",
          "color": "kolay",
          "notes": [

          ],
          "melodynote": ""
        },
        {
          "title": "Soru Adı",
          "color": "kolay",
          "notes": [

          ],
          "melodynote": ""
        },
        {
          "title": "Soru Adı",
          "color": "kolay",
          "notes": [

          ],
          "melodynote": ""
        },
        {
          "title": "Soru Adı",
          "color": "kolay",
          "notes": [

          ],
          "melodynote": ""
        },
        {
          "title": "Soru Adı",
          "color": "kolay",
          "notes": [

          ],
          "melodynote": ""
        },
        {
          "title": "Soru Adı",
          "color": "kolay",
          "notes": [

          ],
          "melodynote": ""
        },
        {
          "title": "Soru Adı",
          "color": "kolay",
          "notes": [

          ],
          "melodynote": ""
        },
        {
          "title": "Soru Adı",
          "color": "kolay",
          "notes": [

          ],
          "melodynote": ""
        },
        {
          "title": "Soru Adı",
          "color": "kolay",
          "notes": [

          ],
          "melodynote": ""
        },
        {
          "title": "Soru Adı",
          "color": "kolay",
          "notes": [

          ],
          "melodynote": ""
        },
        {
          "title": "Soru Adı",
          "color": "kolay",
          "notes": [

          ],
          "melodynote": ""
        },
        {
          "title": "Soru Adı",
          "color": "kolay",
          "notes": [

          ],
          "melodynote": ""
        },
        {
          "title": "Soru Adı",
          "color": "kolay",
          "notes": [

          ],
          "melodynote": ""
        },
        {
          "title": "Soru Adı",
          "color": "kolay",
          "notes": [

          ],
          "melodynote": ""
        },
        {
          "title": "Soru Adı",
          "color": "kolay",
          "notes": [

          ],
          "melodynote": ""
        },
        {
          "title": "Soru Adı",
          "color": "kolay",
          "notes": [

          ],
          "melodynote": ""
        },
        {
          "title": "Soru Adı",
          "color": "kolay",
          "notes": [

          ],
          "melodynote": ""
        },
        {
          "title": "Soru Adı",
          "color": "kolay",